cdek_id;city_name;region_name
14000;Аблакетка;Восточно-Казахстанская обл.
14005;Аккульск;Восточно-Казахстанская обл.
14006;Аккум;Актюбинская обл.
14008;Аксай;Западно-Казахстанская обл.
14105;Кокшетау-2;Акмолинская обл.
32110;Первомайская промзона, гор. округ Алматы;Алма-Атинская обл.
14176;Сатпаев;Карагандинская обл.
4639;Айдабол;Акмолинская обл.
4669;Акбеит;Акмолинская обл.
4679;Акколь;Акмолинская обл.
34019;Акмол;Акмолинская обл.
4681;Акмолинск;Акмолинская обл.
4687;Аксу;Акмолинская обл.
4733;Алексеевка;Акмолинская обл.
4961;Астана;Акмолинская обл.
4965;Астраханка;Акмолинская обл.
4970;Атабасар;Акмолинская обл.
5111;Балкащино;Акмолинская обл.
5379;Бестобе;Акмолинская обл.
32918;Борисовка, Акбасарский р-н;Акмолинская обл.
5543;Боровое;Акмолинская обл.
6231;Вишневка;Акмолинская обл.
6849;Державинск;Акмолинская обл.
7118;Ерейментау;Акмолинская обл.
15471;Ерейметау;Акмолинская обл.
7121;Есиль;Акмолинская обл.
7133;Жаксы;Акмолинская обл.
7135;Жалтыр;Акмолинская обл.
31265;Железнодорожный;Акмолинская обл.
7171;Жолымбет;Акмолинская обл.
7243;Зеренда;Акмолинская обл.
15695;Коянды;Акмолинская обл.
8266;Красный Яр;Акмолинская обл.
8369;Кургальджинский;Акмолинская обл.
8896;Макинск;Акмолинская обл.
11387;Степногорск;Акмолинская обл.
11388;Степняк;Акмолинская обл.
12767;Шортанды;Акмолинская обл.
12796;Щучинск;Акмолинская обл.
4698;Акшам;Актюбинская обл.
4712;Алга;Актюбинская обл.
5066;Байганин;Актюбинская обл.
5191;Батамшинский;Актюбинская обл.
15467;Жем;Актюбинская обл.
7376;Иргиз;Актюбинская обл.
7665;Карабутак;Актюбинская обл.
32854;Карауылкельды;Актюбинская обл.
14107;Комсомольское;Актюбинская обл.
9009;Мартук;Актюбинская обл.
9551;Новоалексеевка;Актюбинская обл.
9842;Октябрьск;Актюбинская обл.
42923;Онгар, Хромтауский р-н;Актюбинская обл.
11852;Уил;Актюбинская обл.
12437;Хромтау;Актюбинская обл.
12536;Челкар;Актюбинская обл.
12777;Шубаркудук;Актюбинская обл.
12876;Эмба;Актюбинская обл.
15400;Аймен;Алма-Атинская обл.
4695;Актогай;Алма-Атинская обл.
4756;Алматы;Алма-Атинская обл.
4848;Андреевка;Алма-Атинская обл.
22937;Байсерке;Алма-Атинская обл.
5084;Баканас;Алма-Атинская обл.
5726;Бурундай;Алма-Атинская обл.
6877;Джансугуров;Алма-Атинская обл.
15468;Есик;Алма-Атинская обл.
7392;Иссык;Алма-Атинская обл.
32831;Кайнар, Талгарский р-н;Алма-Атинская обл.
7652;Капал;Алма-Атинская обл.
7656;Капчагай;Алма-Атинская обл.
7664;Карабулак;Алма-Атинская обл.
33806;Караой, Илийский р-н;Алма-Атинская обл.
7735;Каскелен;Алма-Атинская обл.
32815;Кеген;Алма-Атинская обл.
7924;Кировский;Алма-Атинская обл.
8323;Кугалы;Алма-Атинская обл.
34192;Лепсы;Алма-Атинская обл.
14305;Мерей, Карасайский р-н;Алма-Атинская обл.
42929;Мукры;Алма-Атинская обл.
23078;Мухаметжан Туймебаева;Алма-Атинская обл.
9460;Нарынкол;Алма-Атинская обл.
37793;Отенай;Алма-Атинская обл.
10074;Панфилов;Алма-Атинская обл.
15401;Первомайский;Алма-Атинская обл.
10961;Сарканд;Алма-Атинская обл.
10969;Сарыозек;Алма-Атинская обл.
11489;Талгар;Алма-Атинская обл.
11490;Талдыкорган;Алма-Атинская обл.
11570;Текели;Алма-Атинская обл.
33168;Туздыбастау, Талгарский р-н;Алма-Атинская обл.
11851;Узунагач;Алма-Атинская обл.
11911;Учарал;Алма-Атинская обл.
15469;Ушарал;Алма-Атинская обл.
11916;Уштобе;Алма-Атинская обл.
14218;Хоргос;Алма-Атинская обл.
12604;Чилик;Алма-Атинская обл.
12651;Чунджа;Алма-Атинская обл.
14003;Аккистау;Атырауская обл.
5077;Байчунас;Атырауская обл.
5129;Балыкши;Атырауская обл.
33568;Бирлик;Атырауская обл.
6388;Ганюшкино;Атырауская обл.
6991;Доссор;Атырауская обл.
15479;Жаскайрат;Атырауская обл.
7348;Индерборский;Атырауская обл.
7386;Искининский;Атырауская обл.
7679;Каратон;Атырауская обл.
31593;Котяевка;Атырауская обл.
8349;Кульсары;Атырауская обл.
8892;Макат;Атырауская обл.
9066;Махамбет;Атырауская обл.
9251;Миялы;Атырауская обл.
15480;Тенгиз;Атырауская обл.
4671;Акжал;Восточно-Казахстанская обл.
4688;Аксуат;Восточно-Казахстанская обл.
5008;Ауэзов;Восточно-Казахстанская обл.
5041;Аягуз;Восточно-Казахстанская обл.
5180;Баршатас;Восточно-Казахстанская обл.
5312;Бельагаш;Восточно-Казахстанская обл.
5519;Бескарагай (Большая Владимировка);Восточно-Казахстанская обл.
5506;Боко;Восточно-Казахстанская обл.
5547;Бородулиха;Восточно-Казахстанская обл.
6447;Георгиевка;Восточно-Казахстанская обл.
7137;Жангизтобе;Восточно-Казахстанская обл.
7138;Жарма;Восточно-Казахстанская обл.
34479;Жезкент;Восточно-Казахстанская обл.
7540;Кайнар;Восточно-Казахстанская обл.
34384;Калбатау;Восточно-Казахстанская обл.
8061;Кокпекты;Восточно-Казахстанская обл.
8889;Маканчи;Восточно-Казахстанская обл.
9546;Новая Шульба;Восточно-Казахстанская обл.
15481;Семей (Семипалатинск);Восточно-Казахстанская обл.
11535;Таскескен;Восточно-Казахстанская обл.
11893;Урджар;Восточно-Казахстанская обл.
34478;Усть-Таловка;Восточно-Казахстанская обл.
12523;Чарск;Восточно-Казахстанская обл.
15482;Шар;Восточно-Казахстанская обл.
4672;Акжар;Восточно-Казахстанская обл.
4732;Алексеевка;Восточно-Казахстанская обл.
4967;Асубулак;Восточно-Казахстанская обл.
5293;Белогорский;Восточно-Казахстанская обл.
5304;Белоусовка;Восточно-Казахстанская обл.
5996;Верхнеберезовский;Восточно-Казахстанская обл.
6509;Глубокое;Восточно-Казахстанская обл.
7187;Зайсан;Восточно-Казахстанская обл.
7271;Зыряновск;Восточно-Казахстанская обл.
7671;Карагужиха;Восточно-Казахстанская обл.
7761;Катон-Карагай;Восточно-Казахстанская обл.
8377;Курчум;Восточно-Казахстанская обл.
8588;Лениногорск;Восточно-Казахстанская обл.
14338;Риддер;Восточно-Казахстанская обл.
10823;Самарское;Восточно-Казахстанская обл.
11150;Серебрянск;Восточно-Казахстанская обл.
11903;Усть-Каменогорск;Восточно-Казахстанская обл.
12725;Шемонаиха;Восточно-Казахстанская обл.
15483;Айша-Биби;Жамбылская обл.
33572;Акбулым;Жамбылская обл.
5070;Байкадам;Жамбылская обл.
5649;Брлик;Жамбылская обл.
5723;Бурное;Жамбылская обл.
6445;Георгиевка;Жамбылская обл.
6610;Гранитогорск;Жамбылская обл.
33573;Гродеково;Жамбылская обл.
15484;Ерназар;Жамбылская обл.
33574;Жалпак-Тобе;Жамбылская обл.
7136;Жанатас;Жамбылская обл.
7677;Каратау;Жамбылская обл.
8062;Коктал;Жамбылская обл.
34904;Корагаты;Жамбылская обл.
8793;Луговое;Жамбылская обл.
9123;Мерке;Жамбылская обл.
9244;Михайловка;Жамбылская обл.
9564;Новотроицкое;Жамбылская обл.
9826;Ойтал;Жамбылская обл.
9989;Отар;Жамбылская обл.
33575;Пригородное;Жамбылская обл.
15485;Степное;Жамбылская обл.
11518;Тараз;Жамбылская обл.
15486;Татты;Жамбылская обл.
14202;Толе Би;Жамбылская обл.
12138;Фурмановка;Жамбылская обл.
12589;Чиганак;Жамбылская обл.
12644;Чу;Жамбылская обл.
14047;Деркул;Западно-Казахстанская обл.
15488;Жангала;Западно-Казахстанская обл.
14075;Зачаганск;Западно-Казахстанская обл.
15489;Казталовка;Западно-Казахстанская обл.
33062;Мичуринское;Западно-Казахстанская обл.
14152;Подстепное;Западно-Казахстанская обл.
15490;Тайпак;Западно-Казахстанская обл.
15491;Трекино;Западно-Казахстанская обл.
11883;Уральск;Западно-Казахстанская обл.
15492;Федоровка;Западно-Казахстанская обл.
13982;Айтеке-Би;Южно-Казахстанская обл.
17395;Актобе (На Абулхаир хана);Актюбинская обл.
4693;Актобе, Казахстан;Актюбинская обл.
4699;Акший;Восточно-Казахстанская обл.
4950;Аршалы;Акмолинская обл.
4975;Атбасар;Акмолинская обл.
4994;Атырау (Гурьев);Атырауская обл.
5071;Байконур;Кызылординская обл.
5110;Балкашино;Акмолинская обл.
8064;Кокшетау;Акмолинская обл.
8199;Костанай;Костанайская обл.
8376;Курчатов;Восточно-Казахстанская обл.
8402;Кызылорда;Кызылординская обл.
12787;Шымкент;Южно-Казахстанская обл.
4582;Абай;Карагандинская обл.
4613;Агадырь;Карагандинская обл.
4670;Акжал;Карагандинская обл.
31962;Акжол;Карагандинская обл.
4690;Актас;Карагандинская обл.
23865;Актау (Темиртау);Карагандинская обл.
33892;Актогай;Карагандинская обл.
4974;Атасу;Карагандинская обл.
5125;Балхаш;Карагандинская обл.
33905;Ботакара, Бухар-Жырауский р-н;Карагандинская обл.
6283;Восточно-Коунрадский;Карагандинская обл.
6706;Гульшад;Карагандинская обл.
6783;Дарьинский;Карагандинская обл.
6882;Джезды;Карагандинская обл.
23998;Доскей;Карагандинская обл.
7082;Егиндыбулак;Карагандинская обл.
14054;Жайрем;Карагандинская обл.
7139;Жарык;Карагандинская обл.
7144;Жезказган;Карагандинская обл.
33243;Жезказган поселок;Карагандинская обл.
7541;Кайракты;Карагандинская обл.
7668;Карагайлы;Карагандинская обл.
7669;Караганда;Карагандинская обл.
7672;Каражал;Карагандинская обл.
7691;Каркаралинск;Карагандинская обл.
7871;Киевка;Карагандинская обл.
37458;Кокпекты;Карагандинская обл.
9525;Никольский;Карагандинская обл.
37518;Новодолинский;Карагандинская обл.
9966;Осакаровка;Карагандинская обл.
22981;Приозерск;Карагандинская обл.
10953;Сарань;Карагандинская обл.
10970;Сарышаган;Карагандинская обл.
34999;Северный Караган;Карагандинская обл.
11584;Темиртау;Карагандинская обл.
11654;Токаревка;Карагандинская обл.
11686;Топар;Карагандинская обл.
11863;Улытау;Карагандинская обл.
11867;Ульяновский;Карагандинская обл.
23087;Уштобе;Карагандинская обл.
38112;Центральное, Бухар-Жырауский р-н;Карагандинская обл.
12704;Шахтинск;Карагандинская обл.
4900;Аралсульфат;Кзыл-Ординская обл.
6867;Джалагаш;Кзыл-Ординская обл.
6920;Джусалы;Кзыл-Ординская обл.
7518;Казалинск;Кзыл-Ординская обл.
9557;Новоказалинск;Кзыл-Ординская обл.
11534;Тасбугет;Кзыл-Ординская обл.
12593;Чиили;Кзыл-Ординская обл.
12981;Яныкурган;Кзыл-Ординская обл.
4799;Амангельды;Костанайская обл.
4920;Аркалык;Костанайская обл.
14074;Затобольск;Костанайская обл.
14086;Камысты, Камыстинский р-н;Костанайская обл.
32843;Караменды, Наурзумский р-н;Костанайская обл.
8692;Лисаковск;Костанайская обл.
9844;Октябрьское;Костанайская обл.
41042;Тогузак;Костанайская обл.
11784;Тургай;Костанайская обл.
5545;Боровской;Костанайская обл.
6901;Джетыгара;Костанайская обл.
7621;Камышное;Костанайская обл.
8127;Комсомолец;Костанайская обл.
8389;Кушмурун;Костанайская обл.
8592;Ленинское;Костанайская обл.
9940;Орджоникидзе;Костанайская обл.
10729;Рудный;Костанайская обл.
11118;Семиозерное;Костанайская обл.
11648;Тобол;Костанайская обл.
11894;Урицкий;Костанайская обл.
4901;Аральск;Кызылординская обл.
15493;Жанакорган;Кызылординская обл.
14199;Теренозек;Кызылординская обл.
13435;Актау;Мангистауская обл.
14010;Акшукур;Мангистауская обл.
5207;Баутино;Мангистауская обл.
5235;Бейнеу;Мангистауская обл.
14052;Енбек-Актау;Мангистауская обл.
14057;Жанаозен;Мангистауская обл.
14117;Курык;Мангистауская обл.
14125;Мангыстау;Мангистауская обл.
14133;Мунайшы;Мангистауская обл.
9575;Новый Узень;Мангистауская обл.
14211;Умирзак;Мангистауская обл.
12079;Форт-Шевченко;Мангистауская обл.
12715;Шевченко;Мангистауская обл.
14228;Шетпе;Мангистауская обл.
15390;Акку (Лебяжье);Павлодарская обл.
7117;Аксу (Ермак);Павлодарская обл.
22984;Аксу-2;Павлодарская обл.
4694;Актогай (Краснокутск);Павлодарская обл.
5217;Баянаул;Павлодарская обл.
15495;Ефремовка;Павлодарская обл.
7147;Железинка;Павлодарская обл.
17385;Жетекши;Павлодарская обл.
7380;Иртышск;Павлодарская обл.
7570;Калкаман;Павлодарская обл.
17386;Кенжеколь;Павлодарская обл.
17384;Ленинский;Павлодарская обл.
8868;Майкаин;Павлодарская обл.
36585;Михайловка, Железинский р-н;Павлодарская обл.
10020;Павлодар;Павлодарская обл.
15496;Павлодарское;Павлодарская обл.
14186;Солнечный;Павлодарская обл.
15497;Теренколь;Павлодарская обл.
11899;Успенка;Павлодарская обл.
14229;Шидерты;Павлодарская обл.
12790;Щербакты;Павлодарская обл.
12830;Экибастуз;Павлодарская обл.
21740;Агынтай Батыра (Златогорка), Айыртауский р-н;Северо-Казахстанская обл.
21735;Айыртау, Айыртауский р-н;Северо-Казахстанская обл.
21753;Айыртауское, Айыртауский р-н;Северо-Казахстанская обл.
21929;Акжан, Тимирязевский р-н;Северо-Казахстанская обл.
21891;Аккудук, Тайыншинский р-н;Северо-Казахстанская обл.
21941;Аккудук, Уалихановский р-н;Северо-Казахстанская обл.
21756;Аксары, Акжарский р-н;Северо-Казахстанская обл.
21734;Аксеновка, Айыртауский р-н;Северо-Казахстанская обл.
21930;Аксуат, Тимирязевский р-н;Северо-Казахстанская обл.
21942;Актуесай, Уалихановский р-н;Северо-Казахстанская обл.
21858;Александровка, Магжана Жумабаева р-н;Северо-Казахстанская обл.
21809;Амангельдинское, Есильский р-н;Северо-Казахстанская обл.
21943;Амангельды, Уалихановский р-н;Северо-Казахстанская обл.
21781;Андреевка, Габита Мусрепова р-н;Северо-Казахстанская обл.
21878;Андреевка, Мамлютский р-н;Северо-Казахстанская обл.
21736;Антоновка, Айыртауский р-н;Северо-Казахстанская обл.
21823;Архангелка, Жамбылский р-н;Северо-Казахстанская обл.
21737;Арыкбалык, Айыртауский р-н;Северо-Казахстанская обл.
21840;Асаново, Кызылжарский р-н;Северо-Казахстанская обл.
21769;Астраханка, Аккайынский р-н;Северо-Казахстанская обл.
21949;Афанасьевка, Шал Акына р-н;Северо-Казахстанская обл.
21879;Афонькино, Мамлютский р-н;Северо-Казахстанская обл.
21757;Ащиколь, Акжарский р-н;Северо-Казахстанская обл.
21824;Баян, Жамбылский р-н;Северо-Казахстанская обл.
21880;Белое, Мамлютский р-н;Северо-Казахстанская обл.
21892;Белоярка, Тайыншинский р-н;Северо-Казахстанская обл.
21944;Бидайыкское, Уалихановский р-н;Северо-Казахстанская обл.
14028;Бишкуль;Северо-Казахстанская обл.
5447;Благовещенка;Северо-Казахстанская обл.
21841;Боголюбово, Кызылжарский р-н;Северо-Казахстанская обл.
21842;Большая Малышка, Кызылжарский р-н;Северо-Казахстанская обл.
21893;Большой Изюм, Тайыншинский р-н;Северо-Казахстанская обл.
21758;Бостандык, Акжарский р-н;Северо-Казахстанская обл.
21843;Бугровое, Кызылжарский р-н;Северо-Казахстанская обл.
21826;Буденное, Жамбылский р-н;Северо-Казахстанская обл.
5701;Булаево;Северо-Казахстанская обл.
21894;Вишневка, Тайыншинский р-н;Северо-Казахстанская обл.
21770;Власовка, Аккайынский р-н;Северо-Казахстанская обл.
21782;Возвышенка, Габита Мусрепова р-н;Северо-Казахстанская обл.
21859;Возвышенка, Магжана Жумабаева р-н;Северо-Казахстанская обл.
21783;Володарское, Габита Мусрепова р-н;Северо-Казахстанская обл.
21738;Володарское,Айыртауский р-н;Северо-Казахстанская обл.
21810;Волошинка, Есильский р-н;Северо-Казахстанская обл.
21881;Воскресеновка, Мамлютский р-н;Северо-Казахстанская обл.
21759;Восходское, Акжарский р-н;Северо-Казахстанская обл.
21784;Гавриловка, Габита Мусрепова р-н;Северо-Казахстанская обл.
21860;Гаврино, Магжана Жумабаева р-н;Северо-Казахстанская обл.
21785;Гаршино, Габита Мусрепова р-н;Северо-Казахстанская обл.
21950;Городецкое, Шал Акына р-н;Северо-Казахстанская обл.
21739;Гусаковка, Айыртауский р-н;Северо-Казахстанская обл.
21895;Дашко-Николаевка, Тайыншинский р-н;Северо-Казахстанская обл.
21931;Дмитриевка, Тимирязевский р-н;Северо-Казахстанская обл.
21932;Докучаево, Тимирязевский р-н;Северо-Казахстанская обл.
21844;Долматово, Кызылжарский р-н;Северо-Казахстанская обл.
21896;Донецкое, Тайыншинский р-н;Северо-Казахстанская обл.
21897;Драгомировка, Тайыншинский р-н;Северо-Казахстанская обл.
21786;Дружба, Габита Мусрепова р-н;Северо-Казахстанская обл.
21933;Дружба, Тимирязевский р-н;Северо-Казахстанская обл.
21882;Дубровное, Мамлютский р-н;Северо-Казахстанская обл.
21827;Екатериновка, Жамбылский р-н;Северо-Казахстанская обл.
21787;Ефимовка, Габита Мусрепова р-н;Северо-Казахстанская обл.
21788;Жарколь, Габита Мусрепова р-н;Северо-Казахстанская обл.
21828;Железное, Жамбылский р-н;Северо-Казахстанская обл.
21811;Заградовка, Есильский р-н;Северо-Казахстанская обл.
21789;Западное, Габита Мусрепова р-н;Северо-Казахстанская обл.
21898;Зеленый Гай, Тайыншинский р-н;Северо-Казахстанская обл.
21845;Знаменское, Кызылжарский р-н;Северо-Казахстанская обл.
21861;Золотая Нива, Магжана Жумабаева р-н;Северо-Казахстанская обл.
21945;Золотая Нива, Уалихановский р-н;Северо-Казахстанская обл.
21899;Иван-Город, Тайыншинский р-н;Северо-Казахстанская обл.
21771;Ивановка, Аккайынский р-н;Северо-Казахстанская обл.
21812;Ильинка, Есильский р-н;Северо-Казахстанская обл.
21900;Ильич, Тайыншинский р-н;Северо-Казахстанская обл.
21901;Ильичевка, Тайыншинский р-н;Северо-Казахстанская обл.
21741;Имантау, Айыртауский р-н;Северо-Казахстанская обл.
21934;Ишимское, Тимирязевский р-н;Северо-Казахстанская обл.
21742;Казанка, Айыртауский р-н;Северо-Казахстанская обл.
21829;Казанка, Жамбылский р-н;Северо-Казахстанская обл.
21760;Казанское, Акжарский р-н;Северо-Казахстанская обл.
21830;Кайранколь, Жамбылский р-н;Северо-Казахстанская обл.
21902;Калиновка, Тайыншинский р-н;Северо-Казахстанская обл.
21743;Каменный Брод, Айыртауский р-н;Северо-Казахстанская обл.
21813;Караагаш, Есильский р-н;Северо-Казахстанская обл.
21903;Караагаш, Тайыншинский р-н;Северо-Казахстанская обл.
21862;Каракога, Магжана Жумабаева р-н;Северо-Казахстанская обл.
7810;Келлеровка;Северо-Казахстанская обл.
7862;Кзылту;Северо-Казахстанская обл.
21761;Киевское, Акжарский р-н;Северо-Казахстанская обл.
21744;Кирилловка, Айыртауский р-н;Северо-Казахстанская обл.
21905;Кирово, Тайыншинский р-н;Северо-Казахстанская обл.
14101;Кишкенеколь;Северо-Казахстанская обл.
21772;Киялы, Аккайынский р-н;Северо-Казахстанская обл.
21831;Кладбинка, Жамбылский р-н;Северо-Казахстанская обл.
21946;Кобенсай, Уалихановский р-н;Северо-Казахстанская обл.
21790;Ковыльное, Габита Мусрепова р-н;Северо-Казахстанская обл.
21947;Коктерек, Уалихановский р-н;Северо-Казахстанская обл.
21762;Коммунизм, Акжарский р-н;Северо-Казахстанская обл.
21935;Комсомольское, Тимирязевский р-н;Северо-Казахстанская обл.
21745;Константиновка, Айыртауский р-н;Северо-Казахстанская обл.
21863;Конюхово, Магжана Жумабаева р-н;Северо-Казахстанская обл.
8171;Корнеевка;Северо-Казахстанская обл.
21906;Котовское, Тайыншинский р-н;Северо-Казахстанская обл.
21907;Красная Поляна, Тайыншинский р-н;Северо-Казахстанская обл.
21908;Краснодольское, Тайыншинский р-н;Северо-Казахстанская обл.
21883;Краснознаменное, Мамлютский р-н;Северо-Казахстанская обл.
21909;Краснокаменка, Тайыншинский р-н;Северо-Казахстанская обл.
21910;Краснокиевка, Тайыншинский р-н;Северо-Казахстанская обл.
21911;Кременчуг, Тайыншинский р-н;Северо-Казахстанская обл.
21951;Крещенка, Шал Акына р-н;Северо-Казахстанская обл.
21952;Кривощеково, Шал Акына р-н;Северо-Казахстанская обл.
8334;Куйбышевский;Северо-Казахстанская обл.
21763;Кулыколь, Акжарский р-н;Северо-Казахстанская обл.
21746;Куспек, Айыртауский р-н;Северо-Казахстанская обл.
21884;Кызыласкер, Мамлютский р-н;Северо-Казахстанская обл.
21764;Кызылтуское, Акжарский р-н;Северо-Казахстанская обл.
21747;Лавровка, Айыртауский р-н;Северо-Казахстанская обл.
21864;Лебяжье, Магжана Жумабаева р-н;Северо-Казахстанская обл.
21885;Леденево, Мамлютский р-н;Северо-Казахстанская обл.
21765;Ленинградское, Акжарский р-н;Северо-Казахстанская обл.
8586;Ленинградское;Северо-Казахстанская обл.
21886;Ленино, Мамлютский р-н;Северо-Казахстанская обл.
21773;Ленинское, Аккайынский р-н;Северо-Казахстанская обл.
21912;Леонидовка, Тайыншинский р-н;Северо-Казахстанская обл.
21913;Летовочное, Тайыншинский р-н;Северо-Казахстанская обл.
21748;Лобаново, Айыртауский р-н;Северо-Казахстанская обл.
21791;Ломоносовское, Габита Мусрепова р-н;Северо-Казахстанская обл.
21766;Майское, Акжарский р-н;Северо-Казахстанская обл.
21832;Макарьевка, Жамбылский р-н;Северо-Казахстанская обл.
21914;Макашевка, Тайыншинский р-н;Северо-Казахстанская обл.
8919;Мамлютка;Северо-Казахстанская обл.
21887;Минкесер, Мамлютский р-н;Северо-Казахстанская обл.
21833;Мирное, Жамбылский р-н;Северо-Казахстанская обл.
21915;Мироновка, Тайыншинский р-н;Северо-Казахстанская обл.
21936;Мичурино, Тимирязевский р-н;Северо-Казахстанская обл.
21916;Многоцветное, Тайыншинский р-н;Северо-Казахстанская обл.
21865;Молодежное, Магжана Жумабаева р-н;Северо-Казахстанская обл.
21866;Молодогвардейское, Магжана Жумабаева р-н;Северо-Казахстанская обл.
21937;Москворецкое, Тимирязевский р-н;Северо-Казахстанская обл.
21917;Нагорное, Тайыншинский р-н;Северо-Казахстанская обл.
21867;Надежка, Магжана Жумабаева р-н;Северо-Казахстанская обл.
21846;Налобино, Кызылжарский р-н;Северо-Казахстанская обл.
21792;Нежинка, Габита Мусрепова р-н;Северо-Казахстанская обл.
21749;Нижний Бурлук, Айыртауский р-н;Северо-Казахстанская обл.
21815;Николаевка, Есильский р-н;Северо-Казахстанская обл.
21918;Новогречановка, Тайыншинский р-н;Северо-Казахстанская обл.
21919;Новодворовка, Тайыншинский р-н;Северо-Казахстанская обл.
21780;Новоишимское;Северо-Казахстанская обл.
21847;Новокаменка, Кызылжарский р-н;Северо-Казахстанская обл.
21888;Новомихайловка, Мамлютский р-н;Северо-Казахстанская обл.
21848;Новоникольское, Кызылжарский р-н;Северо-Казахстанская обл.
21953;Новопокровка, Шал Акына р-н;Северо-Казахстанская обл.
21834;Новорыбинка, Жамбылский р-н;Северо-Казахстанская обл.
21793;Новоселовка, Габита Мусрепова р-н;Северо-Казахстанская обл.
21816;Новоузенка, Есильский р-н;Северо-Казахстанская обл.
21750;Новоукраинка, Айыртауский р-н;Северо-Казахстанская обл.
21920;Обуховка, Тайыншинский р-н;Северо-Казахстанская обл.
21835;Озерное, Жамбылский р-н;Северо-Казахстанская обл.
21921;Озерное, Тайыншинский р-н;Северо-Казахстанская обл.
21868;Октябрьское, Магжана Жумабаева р-н;Северо-Казахстанская обл.
21954;Октябрьское, Шал Акына р-н;Северо-Казахстанская обл.
21849;Пеньково, Кызылжарский р-н;Северо-Казахстанская обл.
21794;Пески, Габита Мусрепова р-н;Северо-Казахстанская обл.
21850;Петерфельд, Кызылжарский р-н;Северо-Казахстанская обл.
21817;Петровка, Есильский р-н;Северо-Казахстанская обл.
10212;Петропавловск;Северо-Казахстанская обл.
21869;Писаревка, Магжана Жумабаева р-н;Северо-Казахстанская обл.
21851;Плоское, Кызылжарский р-н;Северо-Казахстанская обл.
21955;Повозочное, Шал Акына р-н;Северо-Казахстанская обл.
21922;Подлесное, Тайыншинский р-н;Северо-Казахстанская обл.
21818;Покровка, Есильский р-н;Северо-Казахстанская обл.
21889;Покровка, Мамлютский р-н;Северо-Казахстанская обл.
21774;Полтавка, Аккайынский р-н;Северо-Казахстанская обл.
21870;Полтавка, Магжана Жумабаева р-н;Северо-Казахстанская обл.
21871;Полудино, Магжана Жумабаева р-н;Северо-Казахстанская обл.
10381;Пресновка;Северо-Казахстанская обл.
21836;Пресноредуть, Жамбылский р-н;Северо-Казахстанская обл.
21853;Прибрежное, Кызылжарский р-н;Северо-Казахстанская обл.
21795;Привольное, Габита Мусрепова р-н;Северо-Казахстанская обл.
21872;Пролетарка, Магжана Жумабаева р-н;Северо-Казахстанская обл.
21796;Разгульное, Габита Мусрепова р-н;Северо-Казахстанская обл.
21797;Раисовка, Габита Мусрепова р-н;Северо-Казахстанская обл.
21854;Рассвет, Кызылжарский р-н;Северо-Казахстанская обл.
21923;Рощинское, Тайыншинский р-н;Северо-Казахстанская обл.
21775;Рублевка, Аккайынский р-н;Северо-Казахстанская обл.
21798;Рузаевка, Габита Мусрепова р-н;Северо-Казахстанская обл.
10731;Рузаевка;Северо-Казахстанская обл.
14177;Саумалколь;Северо-Казахстанская обл.
6254;Саумалколь;Северо-Казахстанская обл.
21751;Светлое, Айыртауский р-н;Северо-Казахстанская обл.
21837;Святодуховка, Жамбылский р-н;Северо-Казахстанская обл.
21956;Семиполка, Шал Акына р-н;Северо-Казахстанская обл.
11149;Сергеевка;Северо-Казахстанская обл.
14185;Смирново;Северо-Казахстанская обл.
21873;Советское, Магжана Жумабаева р-н;Северо-Казахстанская обл.
21767;Совхозное, Акжарский р-н;Северо-Казахстанская обл.
11281;Соколовка;Северо-Казахстанская обл.
21799;Сокологоровка, Габита Мусрепова р-н;Северо-Казахстанская обл.
21819;Спасовка, Есильский р-н;Северо-Казахстанская обл.
21800;Ставрополка, Габита Мусрепова р-н;Северо-Казахстанская обл.
21938;Степное, Тимирязевский р-н;Северо-Казахстанская обл.
21957;Ступинка, Шал Акына р-н;Северо-Казахстанская обл.
21958;Сухорабовка, Шал Акына р-н;Северо-Казахстанская обл.
21752;Сырымбет, Айыртауский р-н;Северо-Казахстанская обл.
14188;Тайынша;Северо-Казахстанская обл.
21755;Талшик;Северо-Казахстанская обл.
21874;Таманское, Магжана Жумабаева р-н;Северо-Казахстанская обл.
21820;Тарангул, Есильский р-н;Северо-Казахстанская обл.
21801;Тахтаброд, Габита Мусрепова р-н;Северо-Казахстанская обл.
14200;Тимирязево;Северо-Казахстанская обл.
21924;Тихоокеанское, Тайыншинский р-н;Северо-Казахстанская обл.
21776;Токуши, Аккайынский р-н;Северо-Казахстанская обл.
21838;Троицкое, Жамбылский р-н;Северо-Казахстанская обл.
21777;Трудовое, Аккайынский р-н;Северо-Казахстанская обл.
21839;Украинское, Жамбылский р-н;Северо-Казахстанская обл.
21802;Урожайное, Габита Мусрепова р-н;Северо-Казахстанская обл.
21875;Успенка, Магжана Жумабаева р-н;Северо-Казахстанская обл.
21768;Уялы, Акжарский р-н;Северо-Казахстанская обл.
21876;Фурмановка, Магжана Жумабаева р-н;Северо-Казахстанская обл.
21939;Хмельницкое, Тимирязевский р-н;Северо-Казахстанская обл.
21940;Целинное, Тимирязевский р-н;Северо-Казахстанская обл.
21778;Чаглы, Аккайынский р-н;Северо-Казахстанская обл.
21856;Чапаево, Кызылжарский р-н;Северо-Казахстанская обл.
21803;Червонное, Габита Мусрепова р-н;Северо-Казахстанская обл.
21779;Черкасское, Аккайынский р-н;Северо-Казахстанская обл.
21925;Чермошнянка, Тайыншинский р-н;Северо-Казахстанская обл.
21804;Чернозубовка, Габита Мусрепова р-н;Северо-Казахстанская обл.
21948;Чехово, Уалихановский р-н;Северо-Казахстанская обл.
21821;Чириковка, Есильский р-н;Северо-Казахстанская обл.
21877;Чистовское, Магжана Жумабаева р-н;Северо-Казахстанская обл.
21890;Чистое, Мамлютский р-н;Северо-Казахстанская обл.
21805;Чистополье, Габита Мусрепова р-н;Северо-Казахстанская обл.
12621;Чистополье;Северо-Казахстанская обл.
21926;Чкалово;Северо-Казахстанская обл.
21754;Шалкар, Айыртауский р-н;Северо-Казахстанская обл.
21806;Шоптыколь, Габита Мусрепова р-н;Северо-Казахстанская обл.
21807;Шукырколь, Габита Мусрепова р-н;Северо-Казахстанская обл.
21927;Шункырколь, Тайыншинский р-н;Северо-Казахстанская обл.
12950;Явленка;Северо-Казахстанская обл.
21857;Якорь, Кызылжарский р-н;Северо-Казахстанская обл.
21808;Ялты, Габита Мусрепова р-н;Северо-Казахстанская обл.
21928;Ясная Поляна, Тайыншинский р-н;Северо-Казахстанская обл.
21822;Ясновка, Есильский р-н;Северо-Казахстанская обл.
33583;Каратау;Таласская обл.
4951;Арысь;Чимкентская обл.
5024;Ачисай;Чимкентская обл.
5069;Байжансай;Чимкентская обл.
5309;Белые Воды;Чимкентская обл.
5849;Ванновка;Чимкентская обл.
6902;Джетысай;Чимкентская обл.
7836;Кентау;Чимкентская обл.
8583;Ленгер;Чимкентская обл.
10968;Сарыагач;Чимкентская обл.
11583;Темирлановка;Чимкентская обл.
11789;Туркестан;Чимкентская обл.
12513;Чардара;Чимкентская обл.
12532;Чаян;Чимкентская обл.
12649;Чулаккурган;Чимкентская обл.
12698;Шаульдер;Чимкентская обл.
14009;Аксукент;Южно-Казахстанская обл.
35735;Балыкты;Южно-Казахстанская обл.
36473;Елтай, Тюлькубасский р-н;Южно-Казахстанская обл.
32846;Жарыкбас;Южно-Казахстанская обл.
14067;Жетысай;Южно-Казахстанская обл.
16785;Кыземшек;Южно-Казахстанская обл.
15498;Сарыагаш;Южно-Казахстанская обл.
33064;Састобе;Южно-Казахстанская обл.
15499;Шардара;Южно-Казахстанская обл.
32952;Шаян, Байдибекский р-н;Южно-Казахстанская обл.
15500;Шолак-Корган;Южно-Казахстанская обл.